movie_title,gross,total_gross,theaters
Jurassic World,652270625,652270625,4291
Star Wars: Episode VII - The Force Awakens,651967269,936662225,4134
Avengers: Age of Ultron,459005868,459005868,4276
Inside Out,356461711,356461711,4158
Furious 7,353007020,353007020,4022
American Sniper,348797073,350126372,3885
Minions,336045770,336045770,4311
The Hunger Games: Mockingjay - Part 2,269569121,281723902,4175
The Martian,225345353,228433663,3854
Cinderella,201151353,201151353,3848
Spectre,197102585,200074609,3929
Mission: Impossible - Rogue Nation,195042377,195042377,3988
Pitch Perfect 2,183785415,184296230,3660
Ant-Man,180202163,180202163,3868
Home,177397510,177397510,3801
Hotel Transylvania 2,168471018,169700110,3768
Fifty Shades of Grey,166167230,166167230,3655
The SpongeBob Movie: Sponge Out of Water,162994032,162994032,3680
Straight Outta Compton,161197785,161197785,3142
San Andreas,155190832,155190832,3812
Mad Max: Fury Road,153636354,153636354,3722
The Divergent Series: Insurgent,130179072,130179072,3875
Kingsman: The Secret Service,128261724,128261724,3282
The Peanuts Movie,128235584,130178411,3902
Spy,110825712,110825712,3715
The Good Dinosaur,110716470,123087120,3749
Trainwreck,110212700,110212700,3171
Creed,99385165,109767581,3502
Tomorrowland,93436322,93436322,3972
Get Hard,90411453,90411453,3212
Terminator Genisys,89760956,89760956,3783
Taken 3,89256424,89256424,3594
Maze Runner: The Scorch Trials,81630702,81697192,3792
Ted 2,81476385,81476385,3448
Goosebumps,79132868,80080379,3618
Pixels,78747585,78747585,3723
Paddington,76271832,76271832,3355
The Intern,75574886,75764672,3320
The Imitation Game,71189164,91125683,2402
Paul Blart: Mall Cop 2,71038190,71038190,3633
Bridge of Spies,70447776,72313754,2873
War Room,67790117,67790117,1945
Magic Mike XXL,66013057,66013057,3376
The Hobbit: The Battle of the Five Armies,65570462,255119788,3875
The Visit,65206105,65206105,3148
Daddys Home,64684278,150357137,3483
The Wedding Ringer,64460211,64460211,3003
Into the Woods,63940268,128002372,2833
Black Mass,62575678,62575678,3188
Vacation,58884188,58884188,3430
The Perfect Guy,57027435,57027435,2230
Fantastic Four,56117548,56117548,4004
Alvin and the Chipmunks: The Road Chip,55575427,85886987,3705
Focus,53862963,53862963,3323
Unbroken,53109285,115637895,3301
Southpaw,52421953,52421953,2772
Insidious: Chapter 3,52218558,52218558,3014
Selma,50872921,52076908,2235
Sisters,49123380,87044645,2978
Poltergeist,47425125,47425125,3242
Jupiter Ascending,47387723,47387723,3181
Sicario,46770373,46889293,2620
The Man from U.N.C.L.E.,45445109,45445109,3673
McFarland USA,44482410,44482410,2792
Night at the Museum: Secret of the Tomb,44392039,113746621,3914
The Gift,43787265,43787265,2503
Everest,43482270,43482270,3009
The Night Before,42884826,43047372,2960
Max,42656255,42656255,2870
The Age of Adaline,42629776,42629776,3070
Krampus,41465710,42725475,2919
The Longest Ride,37446117,37446117,3371
The Boy Next Door,35423380,35423380,2615
Pan,35057457,35088320,3515
Hot Pursuit,34580201,34580201,3037
The DUFF,34030343,34030343,2622
Woman in Gold,33307793,33307793,2011
The Second Best Exotic Marigold Hotel,33078266,33078266,2022
Unfriended,32482090,32482090,2775
Entourage,32363404,32363404,3108
Paper Towns,32000304,32000304,3031
Chappie,31569268,31569268,3201
Crimson Peak,31090320,31090320,2991
A Walk in the Woods,29474282,29504281,2158
Annie,28959342,85911262,3197
Joy,28310094,56451232,2924
Sinister 2,27740955,27740955,2799
The Last Witch Hunter,27367660,27367660,3082
No Escape,27288872,27288872,3415
Ricki and the Flash,26822144,26822144,2064
The Woman in Black 2: Angel of Death,26501323,26501323,2602
Run All Night,26461644,26461644,3171
Love the Coopers,26054993,26302731,2603
Spotlight,25923879,45055776,1227
The Lazarus Effect,25801570,25801570,2666
Ex Machina,25437558,25442958,2004
The Big Short,23995178,70259870,2529
The Hunger Games: Mockingjay - Part 1,23852971,337135885,4151
In the Heart of the Sea,23063385,25020758,3103
The Gallows,22764410,22764410,2720
Hitman: Agent 47,22467450,22467450,3273
Project Almanac,22348241,22348241,2900
Black or White,21571189,21571189,1823
Aloha,21067116,21067116,2815
Secret in Their Eyes,20070622,20180155,2392
Brooklyn,19563995,38322743,962
Shaun the Sheep Movie,19375982,19375982,2360
Still Alice,18763541,18754371,1318
Paranormal Activity: The Ghost Dimension,18300124,18300124,1656
Wild,18137709,37880356,1361
Birdman or (The Unexpected Virtue of Ignorance),18067553,42340598,1213
Big Hero 6,17951174,222527828,3773
Steve Jobs,17766658,17766658,2493
Mr. Holmes,17737646,17737646,898
Dope,17506470,17506470,2002
Concussion,17420369,34542474,2841
Seventh Son,17223265,17223265,2875
Monkey Kingdom,16432322,16432322,2012
The Transporter Refueled,16029670,16029670,3434
Point Break,15584535,28782481,2910
The Gambler,14800136,33680992,2494
It Follows,14674076,14674076,1655
American Ultra,14440985,14440985,2778
Woodlawn,14374957,14394097,1553
Burnt,13594751,13651946,3003
The Hateful Eight,13339210,54117416,2938
Do You Believe?,12985600,12985600,1356
The Theory of Everything,12659737,35893537,1220
Love & Mercy,12551031,12551031,791
Strange Magic,12429583,12429583,3020
Hot Tub Time Machine 2,12314651,12314651,2901
Self/less,12279691,12279691,2353
Far from the Madding Crowd,12236500,12236500,902
The 33,12049242,12227722,2452
The Gunman,10664749,10664749,2816
Unfinished Business,10219501,10219501,2777
The Walk,10137502,10137502,2509
Penguins of Madagascar,9822689,83850911,3775
Exodus: Gods and Kings,9287173,65014513,3503
Huevos: Little Roosters Egg-cellent Adventure,9080818,9080818,616
Interstellar,8632122,188020017,3561
Amy,8399911,8413144,435
Big Eyes,8154353,14482031,1408
Dragon Ball Z: Resurrection F,8008363,8008363,913
Blackhat,8005980,8005980,2568
Bajrangi Bhaijaan,7914436,8178001,257
Mortdecai,7696134,7696134,2648
While Were Young,7587485,7587485,762
Whiplash,7460167,13092000,567
Ill See You in My Dreams,7449681,7449681,290
The Green Inferno,7192291,7192291,1543
Our Brand Is Crisis,7002261,7002261,2202
Inherent Vice,6994056,8110975,653
Grandma,6923276,6980524,1061
Trumbo,6842949,7857741,660
Me and Earl and the Dying Girl,6758416,6758416,870
Little Boy,6485961,6485961,1045
The Loft,6002684,6002684,1841
Victor Frankenstein,5775076,5775076,2797
A Most Violent Year,5652055,5749134,818
Danny Collins,5637066,5637066,739
Foxcatcher,5319163,12096300,759
Bajirao Mastani,5070014,6557047,304
Room,4860753,14677654,862
90 Minutes in Heaven,4842699,4842699,899
True Story,4719695,4719695,856
Suffragette,4657235,4702420,517
Top Five,4609863,25317471,1426
Baahubali: The Beginning,4518000,6738000,236
The Danish Girl,4506440,11114018,794
Hubble 3D,4449681,52522904,151
Dilwale,4394522,4871263,268
Found a Treasure Called Love,4364639,4364639,287
The Water Diviner,4196641,4196641,385
Irrational Man,4030360,4030360,925
Carol,3801134,12711491,790
Scouts Guide to the Zombie Apocalypse,3703046,3703046,1509
A la mala,3629842,3629842,384
Spare Parts,3618912,3618912,440
We Are Your Friends,3591417,3591417,2333
What We Do in the Shadows,3469224,3469224,154
Learning to Drive,3447633,3447633,339
Mr. Turner,3296974,3958500,120
Phoenix,3184472,3184472,197
Dil Dhadakne Do,3066100,3066100,238
Ladrones,3063505,3063505,375
Tanu Weds Manu Returns,3043479,3043479,136
Rock the Kasbah,3020664,3020664,2012
The End of the Tour,3002884,3002884,355
Wild Tales,2962621,3106530,122
Horrible Bosses 2,2699932,54445357,3400
He Named Me Malala,2668936,2668936,477
Captive,2583301,2583301,807
Chi-Raq,2570882,2653032,305
The Interview,2552397,6105175,581
Truth,2515179,2541854,1122
Mistress America,2500431,2500431,512
Pawn Sacrifice,2436633,2436633,781
The Oscar Nominated Short Films 2015: Live Action,2412593,2412593,280
Meru,2334228,2334228,176
My All-American,2246000,2246000,1565
Ode To My Father,2214386,2300121,38
Jem and the Holograms,2184640,2184640,2417
Spectacle,2065487,2065487,182
Island of Lemurs: Madagascar,2032822,11272213,302
Journey to the South Pacific,1952891,7653913,19
Cake,1951776,1951776,482
PK,1947108,10616104,272
Old Fashioned,1914090,1914090,298
Assassination,1904682,1904682,33
Game of Thrones Season 4 Finale,1896092,1896092,205
Under the Sea 3D,1852476,36262926,108
Legend,1852124,1872994,107
Clouds of Sils Maria,1851517,1851517,187
Testament of Youth,1822250,1822250,104
Piku,1801807,1801807,124
The Vatican Tapes,1784763,1784763,427
Jerusalem,1715647,8020721,33
Meet the Patels,1700681,1700681,101
Patterns of Evidence: Exodus,1689885,925576,652
Back To The Future Day,1650000,1650000,1815
The Letters,1627427,1647416,886
Gone Girl,1569606,167767189,3284
The Diary of a Teenage Girl,1477002,1477002,795
I,1449232,1449232,222
Infinitely Polar Bear,1430655,1430655,110
99 Homes,1411927,1411927,691
Welcome Back,1388365,1388365,135
Two Days One Night,1365642,1436243,120
The Cokeville Miracle,1348455,1348456,51
Alexander and the Terrible Horrible No Good Very Bad Day,1312348,66954149,3117
Iris,1310678,1310678,92
Lost in Hong Kong,1302281,1302281,34
The Wolfpack,1301696,1301696,94
Youth,1297379,2703296,149
Goodbye Mr. Loser,1293626,1293626,40
71,1270847,1270847,121
Dumb and Dumber To,1241145,86208010,3188
Beyond the Mask,1236094,1236094,181
Child 44,1224330,1224330,510
Veteran,1200627,1200627,46
Goodnight Mommy,1181196,1178196,90
Black Sea,1171559,1171559,353
Miss You Already,1162653,1162653,384
The Salt of the Earth,1158661,1343349,80
Where Hope Grows,1156000,1156000,276
Boyhood,1133939,25352281,775
The Overnight,1107423,1110522,307
Timbuktu,1075773,1076075,56
Leviathan,1050451,1092800,80
Finding Dory,486295561,486295561,4305
Rogue One: A Star Wars Story,408235850,532177324,4157
Captain America: Civil War,408084349,408084349,4226
The Secret Life of Pets,368384330,368384330,4381
The Jungle Book,364001123,364001123,4144
Deadpool,363070709,363070709,3856
Zootopia,341268248,341268248,3959
Batman v Superman: Dawn of Justice,330360194,330360194,4256
Suicide Squad,325100054,325100054,4255
Star Wars: Episode VII - The Force Awakens,284694956,936662225,4134
Doctor Strange,229876337,232641920,3882
Fantastic Beasts and Where to Find Them,222675573,234037575,4144
Moana,206477478,248757044,3875
The Revenant,182765375,183637894,3711
Jason Bourne,162434410,162434410,4039
Star Trek Beyond,158848340,158848340,3928
X-Men: Apocalypse,155442489,155442489,4153
Sing,152853995,270395425,4029
Trolls,150130292,153707064,4066
Kung Fu Panda 3,143528619,143528619,3987
Ghostbusters,128350574,128350574,3963
Central Intelligence,127440871,127440871,3508
The Legend of Tarzan,126643061,126643061,3591
Sully,124976335,125070033,3955
Bad Moms,113257297,113257297,3215
The Angry Birds Movie,107509366,107509366,3932
Independence Day: Resurgence,103144286,103144286,4130
The Conjuring 2,102470008,102470008,3356
Sausage Party,97685686,97685686,3135
The Magnificent Seven,93420253,93432655,3696
Arrival,91676099,100546139,3115
Ride Along 2,91221830,91221830,3192
Dont Breathe,89217875,89217875,3384
Miss Peregrines Home for Peculiar Children,86945137,87242834,3835
The Accountant,85856696,86260045,3402
Daddys Home,85672859,150357137,3483
Teenage Mutant Ninja Turtles: Out of the Shadows,82051601,82051601,4071
The Purge: Election Year,79213375,79213375,2821
Alice Through the Looking Glass,77041381,77041381,3763
Petes Dragon,76233151,76233151,3702
The Girl on the Train,75395035,75395035,3241
Tyler Perrys Boo! A Madea Halloween,73206343,73206343,2299
Storks,72414850,72679278,3922
10 Cloverfield Lane,72082998,72082998,3427
Lights Out,67268835,67268835,2835
Allegiant,66184051,66184051,3740
Now You See Me 2,65075540,65075540,3232
Hacksaw Ridge,64463214,67209615,2971
Ice Age: Collision Course,64063008,64063008,3997
The Boss,63285885,63285885,3495
London Has Fallen,62524260,62524260,3492
Miracles from Heaven,61705123,61705123,3155
Deepwater Horizon,61433527,61433527,3403
My Big Fat Greek Wedding 2,59689605,59689605,3179
Jack Reacher: Never Go Back,58546937,58697076,3780
Me Before You,56245075,56245075,2762
The BFG,55483770,55483770,3392
Neighbors 2: Sorority Rising,55455765,55455765,3416
Passengers,55380209,100014699,3478
The Shallows,55124043,55124043,2962
Barbershop: The Next Cut,54030051,54030051,2676
13 Hours,52853219,52853219,2917
Office Christmas Party,49815176,54767494,3210
The Huntsman: Winters War,48390190,48390190,3802
Kubo and the Two Strings,48023088,48023088,3279
Warcraft,47365290,47365290,3406
How to Be Single,46843513,46843513,3357
The Big Short,46264692,70259870,2529
Mike and Dave Need Wedding Dates,46009673,46009673,3008
War Dogs,43034523,43034523,3258
Almost Christmas,41964925,42158780,2379
Money Monster,41012075,41012075,3104
The Hateful Eight,40778206,54117416,2938
Allied,39541921,40098064,3160
Nerve,38583626,38583626,2538
Sisters,37921265,87044645,2978
Risen,36880033,36880033,2915
Assassins Creed,36415167,54647948,2996
The Nice Guys,36261763,36261763,2865
The Boy,35819556,35819556,2671
Dirty Grandpa,35593113,35593113,2912
Ouija: Origin of Evil,35144505,35144505,3168
The 5th Wave,34916787,34916787,2908
Inferno,34221651,34343574,3576
Mothers Day,32492859,32492859,3291
Gods of Egypt,31153464,31153464,3117
La La Land,30980271,151101803,3236
Why Him?,30633916,60323786,3008
Hail Caesar!,30498085,30498085,2248
Alvin and the Chipmunks: The Road Chip,30311560,85886987,3705
When the Bough Breaks,29747603,29747603,2246
Zoolander 2,28848693,28848693,3418
Joy,28141138,56451232,2924
The Finest Hours,27569558,27569558,3143
Florence Foster Jenkins,27383770,27383770,1528
Manchester by the Sea,27055039,47695371,1213
Hell or High Water,27007844,27007844,1505
The Forest,26594261,26594261,2509
Ben-Hur,26410477,26410477,3084
Fences,26330971,57682904,2368
The Witch,25138705,25138705,2204
Collateral Beauty,24342478,31016021,3028
Bridget Joness Baby,24252420,24252420,2930
What Now?,23591043,23591043,2567
Whiskey Tango Foxtrot,23083334,23083334,2413
Snowden,21587519,21587519,2443
Mechanic: Resurrection,21218403,21218403,2258
Free State of Jones,20810036,20810036,2815
Blair Witch,20777061,20777061,3121
Gods Not Dead 2,20774575,20774575,2419
Keanu,20591853,20591853,2681
Middle School: The Worst Years of My Life,20007149,20007149,2822
Nine Lives,19700032,19700032,2264
Race,19206207,19206207,2387
Spotlight,19131897,45055776,1227
Brooklyn,18758748,38322743,962
The Choice,18730891,18730891,2631
Eye in the Sky,18704595,18704595,1089
Bad Santa 2,17710126,17782178,2945
Masterminds,17368022,17368022,3042
Concussion,17122105,34542474,2841
Norm of the North,17062499,17062499,2411
The Birth of a Nation,15861566,15861566,2105
Eddie the Eagle,15789389,15789389,2044
The Infiltrator,15436808,15436808,1601
Keeping Up with the Joneses,14904426,14904426,3022
Criminal,14708696,14708696,2683
Hello My Name Is Doris,14444999,14444999,979
The Edge of Seventeen,14394402,14431633,1945
Love & Friendship,14016568,14016568,826
Point Break,13197946,28782481,2910
Hillarys America: The Secret History of the Democratic Party,13099931,13099931,1217
Triple 9,12639297,12639297,2205
The Light Between Oceans,12545979,12545979,1500
Moonlight,12489099,27854932,1564
The Good Dinosaur,12370650,123087120,3749
The Hunger Games: Mockingjay - Part 2,12154781,281723902,4175
Fifty Shades of Black,11686940,11686940,2075
No manches Frida,11528613,11528613,465
Café Society,11103205,11103205,631
Pride and Prejudice and Zombies,10938134,10938134,2931
The Darkness,10753574,10753574,1769
Creed,10382416,109767581,3502
Nocturnal Animals,10107726,10663357,1262
The Lady in the Van,9973503,10021175,602
Room,9816901,14677654,862
The Perfect Match,9669521,9669521,925
Popstar: Never Stop Never Stopping,9639125,9639125,2313
Hardcore Henry,9252038,9252038,3015
Meet the Blacks,9097072,9097072,1015
Carol,8910357,12711491,790
Queen of Katwe,8850753,8874389,1259
Ratchet & Clank,8821329,8821329,2895
The Lobster,8700374,8700374,560
Dangal,8354643,12391761,338
A Beautiful Planet,8222609,15650615,155
The Wild Life,8005586,8005586,2493
Loving,7456108,7751969,572
Shut In,6894711,6900335,2058
The Brothers Grimsby,6874837,6874837,2235
The Danish Girl,6607578,11114018,794
The Young Messiah,6490401,6490401,1769
Jackie,6469725,13960394,508
Southside with You,6304223,6304223,897
Captain Fantastic,5879835,5879835,550
Sultan,5599781,6200000,283
Lion,5303700,51738905,1802
Hunt for the Wilderpeople,5205468,5205468,200
Bleed for This,5083906,5083906,1549
Incarnate,4799774,4799774,1737
Absolutely Fabulous: The Movie,4772155,4772155,355
Hands of Stone,4712792,4712792,2011
Dont Think Twice,4417667,4417667,175
The Meddler,4367218,4267218,464
Ae Dil Hai Mushkil,4264983,4264983,302
A Hologram for the King,4212494,4212494,523
Swiss Army Man,4210454,4210454,636
45 Years,4105637,4247285,251
Denial,4073490,4073489,648
Morgan,3915251,3915251,2020
Kabali,3903095,3903095,236
The Man Who Knew Infinity,3866794,3866794,288
Where to Invade Next,3827261,3827261,308
Max Steel,3818664,3818664,2034
Batman: The Killing Joke,3775000,3775000,1325
Midnight Special,3712282,3712282,521
Anomalisa,3683876,3759286,573
Rules Dont Apply,3652206,3652206,2386
Miss Sloane,3484995,3500605,1648
Indignation,3401155,3401155,317
Everybody Wants Some!!,3400278,3400278,454
Maggies Plan,3351735,3351735,335
A Man Called Ove,3333992,3479315,194
Sing Street,3237118,3237118,525
The Mermaid,3232685,3232685,106
Green Room,3220371,3220371,777
Our Kind of Traitor,3153157,3153157,399
Compadres,3127773,3127773,368
The Martian,3088310,228433663,3854
The Other Side of the Door,3000342,3000342,585
Spectre,2972024,200074609,3929
Anthropoid,2964845,2964845,452
The Beatles: Eight Days a Week - The Touring Years,2916808,2930414,155
The Oscar Nominated Short Films 2016: Live Action,2816816,2816816,260
Ip Man 3,2679437,2679437,115
Miles Ahead,2610896,2610896,527
Kapoor & Sons,2607036,2607036,153
The Disappointments Room,2423468,2423468,1554
Hillsong: Let Hope Rise,2394386,2394386,816
Dear Zindagi,2376479,2376479,156
A Aa,2313043,2313043,115
Fan,2300000,2300000,307
WARx2,2270921,2310625,16
The Eagle Huntress,2162939,3169351,122
Train to Busan,2125786,2129768,36
Im Not Ashamed,2082980,2082980,516
A Bigger Splash,2024099,2024099,378
The Dressmaker,2022115,2022115,174
Desierto,2002036,2002036,168
Greater,2000093,2000093,340
Hidden Figures,1986956,169607287,3416
Demolition,1978592,1978592,862
In the Heart of the Sea,1957373,25020758,3103
The Peanuts Movie,1942827,130178411,3902
Shin Godzilla,1918403,1918403,490
The Handmaiden,1873592,2006788,125
Purple Rain,1868075,1868075,87
Bridge of Spies,1865978,72313754,2873
M.S. Dhoni: The Untold Story,1801550,1801550,256
Find a Boyfriend for My Wife... PLEASE!,1741889,1741889,357
Billy Lynns Long Halftime Walk,1738477,1738477,1176
Harry  Potter IMAX Marathon,1729226,1729226,330
To Joey with Love,1709073,1709073,753
Weiner,1679915,1676108,88
Son of Saul,1651270,1777043,180
I Saw the Light,1646788,1646788,741
Equity,1605463,1605463,255
Neerja,1585687,1585687,121
Jane Got a Gun,1513793,1513793,1210
Priceless,1499605,1499605,303
Bajirao Mastani,1487033,6557047,304
Youth,1405917,2703296,149
Genius,1361045,1361045,152
The Little Prince,1339151,1339152,163
The Neon Demon,1333124,1333124,783
Embrace of the Serpent,1329249,1329249,93
Housefull 3,1326999,1326999,145
Mohenjo Daro,1264339,1264339,246
Krampus,1259765,42725475,2919
Hotel Transylvania 2,1229092,169700110,3768
Star Wars: Episode VIII - The Last Jedi,517218368,620181382,4232
Beauty and the Beast,504014165,504014165,4210
Wonder Woman,412563408,412563408,4165
Guardians of the Galaxy Vol. 2,389813101,389813101,4347
Spider-Man: Homecoming,334201140,334201140,4348
It,327481748,327481748,4148
Thor: Ragnarok,311225150,315058289,4080
Despicable Me 3,264624300,264624300,4535
Logan,226277068,226277068,4071
The Fate of the Furious,226008385,226008385,4329
Justice League,225546295,229024295,4051
Dunkirk,188045546,188045546,4014
Coco,179834199,209726015,3987
The Lego Batman Movie,175750384,175750384,4088
Get Out,175686870,176040665,3143
The Boss Baby,175003033,175003033,3829
Pirates of the Caribbean: Dead Men Tell No Tales,172558876,172558876,4276
Jumanji: Welcome to the Jungle,170863915,404515480,3849
Kong: Skull Island,168052812,168052812,3846
Hidden Figures,167620331,169607287,3416
Cars 3,152901115,152901115,4256
War for the Planet of the Apes,146880162,146880162,4100
Split,138291365,138291365,3373
Transformers: The Last Knight,130168683,130168683,4132
Rogue One: A Star Wars Story,123941474,532177324,4157
Wonder,121559294,132422809,3519
La La Land,120121532,151101803,3236
Sing,117541430,270395425,4029
Girls Trip,115171585,115171585,2648
Fifty Shades Darker,114581250,114581250,3714
Baby Driver,107825862,107825862,3226
Annabelle: Creation,102092201,102092201,3565
Daddys Home 2,101791381,104029443,3575
Murder on the Orient Express,100619624,102826543,3354
Kingsman: The Golden Circle,100225686,100229647,4038
John Wick: Chapter 2,92029184,92029184,3113
Blade Runner 2049,91654512,92054159,4058
The Emoji Movie,86089513,86089513,4075
Power Rangers,85364450,85364450,3693
The Mummy,80227895,80227895,4035
The Hitmans Bodyguard,75468583,75468583,3377
Alien: Covenant,74262031,74262031,3772
Captain Underpants: The First Epic Movie,73921000,73921000,3529
A Bad Moms Christmas,71891988,72110659,3615
A Dogs Purpose,64508620,64508620,3178
Pitch Perfect 3,63300605,104897530,3468
The Lego Ninjago Movie,59281555,59281555,4047
Baywatch,58060186,58060186,3647
The Shack,57386418,57386418,2888
Happy Death Day,55683845,55683845,3535
Ferdinand,53546717,84410380,3630
Atomic Blonde,51687870,51687870,3326
American Made,51342000,51342000,3098
The Dark Tower,50701325,50701325,3451
The Greatest Showman,49036718,174340174,3342
Boo 2! A Madea Halloween,47319572,47319572,2388
Lion,46435205,51738905,1802
Snatched,45852178,45852178,3511
The Great Wall,45540830,45540830,3328
Smurfs: The Lost Village,45020282,45020282,3610
Going in Style,45018541,45018541,3076
All Eyez on Me,44922302,44922302,2471
xXx: Return of Xander Cage,44898413,44898413,3651
Passengers,44634490,100014699,3478
47 Meters Down,44307191,44307191,2471
The Big Sick,42873127,42873127,2597
Moana,42279566,248757044,3875
Ghost in the Shell,40563557,40563557,3440
Valerian and the City of a Thousand Planets,40479370,41189488,3553
The Star,39963949,40852824,2976
King Arthur: Legend of the Sword,39175066,39175066,3702
Jigsaw,38052832,38052832,2941
American Assassin,36249674,36249674,3154
The Foreigner,34393507,34393507,2515
Everything Everything,34121140,34121140,2801
Wind River,33800859,33800859,2890
Geostorm,33578782,33700160,3246
Monster Trucks,33370166,33370166,3119
Fist Fight,32187017,32187017,3185
How to Be a Latin Lover,32149404,32149404,1203
Lady Bird,31432462,48958273,1557
Fences,31351933,57682904,2368
Patriots Day,31319806,31886361,3120
Kidnap,30971040,30971040,2418
Underworld: Blood Wars,30353973,30353973,3070
The Mountain Between Us,30348555,30348555,3259
Life,30234022,30234022,3146
Why Him?,29689870,60323786,3008
The Nut Job 2: Nutty by Nature,28370522,28370522,4003
Rings,27793018,27793018,2931
Logan Lucky,27780977,27780977,3031
Home Again,27020284,27020284,3036
Resident Evil: The Final Chapter,26830068,26830068,3104
The House,25584504,25584504,3134
Gifted,24801212,24801212,2215
Three Billboards Outside Ebbing Missouri,24164629,54513740,1726
The Bye Bye Man,22395806,22395806,2220
Victoria & Abdul,22233285,22245070,1060
Rough Night,22105643,22105643,3162
My Little Pony: The Movie,21885107,21885107,2528
Leap!,21858070,21858070,2705
Sleepless,20783704,20783704,1803
Diary of a Wimpy Kid: The Long Haul,20738724,20738724,3174
Manchester by the Sea,20640332,47695371,1213
The Circle,20497844,20497844,3163
Baahubali 2: The Conclusion,20186659,20186659,425
Chips,18600152,18600152,2464
Assassins Creed,18232781,54647948,2996
Only the Brave,18181288,18343983,2577
Darkest Hour,18132857,56468410,1733
The Disaster Artist,17861795,21120616,1010
Mother!,17800004,17800004,2368
The Zookeepers Wife,17571660,17571660,1057
The Glass Castle,17273059,17273059,1461
Downsizing,17160674,24449754,2668
Flatliners,16883115,16883115,2552
Detroit,16790139,16790139,3007
The Shape of Water,15670177,63859435,2341
Moonlight,15365833,27854932,1564
The Case for Christ,14682684,14682684,1386
Wish Upon,14301505,14301505,2250
It Comes at Night,13985117,13985117,2533
Born in China,13873211,13873211,1508
Megan Leavey,13406304,13406883,1956
Father Figures,12885287,17501244,2902
The Founder,12786053,12786053,1115
All the Money in the World,12712380,25113707,2123
Battle of the Sexes,12638526,12638526,1822
Before I Fall,12241122,12241122,2346
Roman J. Israel Esq.,11851274,11962778,1669
Unforgettable,11368012,11368012,2417
Fantastic Beasts and Where to Find Them,11362002,234037575,4144
The Beguiled,10709995,10709995,941
Live by Night,10283585,10378555,2822
The Belko Experiment,10166820,10166820,1341
Thank You for Your Service,9536300,9536300,2083
Marshall,9468318,10051659,821
Rock Dog,9420546,9420546,2077
Arrival,8870040,100546139,3115
The Lost City of Z,8580410,8580410,866
The Promise,8224288,8224288,2251
A Cure for Wellness,8106986,8106986,2704
The Space Between Us,7885294,7885294,2812
Jackie,7490669,13960394,508
Gold,7227038,7227038,2166
Let There Be Light,7208088,7233471,774
I Am Not Your Negro,7123919,7123919,320
Beatriz at Dinner,7115854,7115854,683
Birth of the Dragon,6901965,6901965,1633
Silence,6823622,7100177,1580
The Snowman,6700035,6700035,1815
Collateral Beauty,6673543,31016021,3028
Same Kind of Different as Me,6394006,6423605,1362
Lowriders,6303560,6303560,365
Loving Vincent,6240935,6735118,218
Maudie,6171598,6170998,233
Just Getting Started,6034990,6069605,2161
All Saints,5802208,5802208,846
Suburbicon,5775178,5775178,2046
Paris Can Wait,5617731,5617731,447
The Man Who Invented Christmas,5575759,5676486,720
20th Century Women,5526783,5664764,650
Mollys Game,5377480,28780744,1708
The Florida Project,5297299,5904366,229
Your Name.,5017246,5017246,311
Office Christmas Party,4952318,54767494,3210
A Beautiful Planet,4676580,15650615,155
Tiger Zinda Hai,4572231,5560921,299
Call Me by Your Name,4516120,18095701,914
The Book of Henry,4504974,4504974,650
Stronger,4211129,4211129,645
The Hero,4077333,4077333,447
Dangal,4037118,12391761,338
Sleight,3986245,3986245,591
A United Kingdom,3902185,3902185,317
Norman,3814868,3814868,373
Friend Request,3759078,3759078,2573
A Monster Calls,3676757,3740823,1523
Table 19,3614896,3614896,868
Their Finest,3603484,3603484,330
Phoenix Forgotten,3600146,3600146,1626
Trolls,3576772,153707064,4066
An Inconvenient Sequel: Truth to Power,3496795,3496795,556
Til Death Do Us Part,3455268,3455267,562
Raees,3262954,3262954,265
Close Encounters of the Third Kind,3100479,3100479,901
Colossal,3029287,3029287,327
Ingrid Goes West,3024308,3024308,647
Leap!,2844490,2844490,237
The Oscar Nominated Short Films 2017: Live Action,2835355,2835355,272
Kedi,2835047,2835047,130
Doctor Strange,2765583,232641920,3882
Hacksaw Ridge,2746401,67209615,2971
Wolf Warrior 2,2721100,2721100,53
My Cousin Rachel,2716368,2716368,531
Showtime Championship Boxing: Floyd Mayweather vs. Conor McGregor,2620183,2620183,532
A Question of Faith,2587072,2587072,661
Is Genesis History?,2570392,2570392,704
Disneys Newsies: The Broadway Musical!,2545060,2545060,780
IN OUR HANDS: Battle for Jerusalem,2534370,2534370,733
Do It Like An Hombre,2534252,2534252,382
LBJ,2470979,2470979,659
Tulip Fever,2455635,2455635,772
I Tonya,2433462,30014539,1450
T2 Trainspotting,2402004,2402004,331
Pokémon the Movie: I Choose You!,2401722,2401722,789
The Salesman,2391000,2402067,115
Jeepers Creepers III,2335162,2335162,669
The Resurrection of Gavin Stone,2303792,2303792,890
The Killing of a Sacred Deer,2291901,2291901,238
Collide,2280004,2280004,2045
The Lovers,2194521,2194521,443
The Patriarch,2156047,2156047,312
Brads Status,2133158,2133158,453
Paterson,2078820,2152738,70
Good Time,2026499,2026499,721
Badrinath Ki Dulhania,1993259,1993259,156
Everybody Loves Somebody,1915789,1915789,333
A Quiet Passion,1865396,1865396,135
Toilet: A Love Story,1830715,1830715,178
The Wall,1803064,1803064,540
Free Fire,1799312,1799312,1070
The Last Word,1783421,1783421,380
The Post,1760121,81903458,2851
Goodbye Christopher Robin,1735251,1735251,262
Menashe,1703036,1703036,126
Slamma Jamma,1687000,1687000,502
When Harry Met Sejal,1664648,1664648,280
Jolly LLB 2,1654254,1654254,173
The Little Hours,1647175,1647175,114
The Comedian,1645145,1659002,848
A Ghost Story,1596371,1596371,329
Professor Marston & the Wonder Women,1584759,1584759,1229
The Stray,1579440,1579440,640
Genesis: Paradise Lost,1575000,1575000,419
Youth,1531824,1891956,35
A Taxi Driver,1527829,1527829,41
Sword Art Online The Movie: Ordinal Scale,1522976,1522976,621
Inhumans,1521787,1521787,393
Mully,1489771,1489771,738
Jane,1488431,1723379,96
Elle,1456579,2341534,209
Twins 2,1431255,1431255,192
The Wedding Plan,1412404,1412404,123
Toni Erdmann,1402731,1479387,112
The Dinner,1323312,1323312,505
Julieta,1312998,1490948,63
Wonder Wheel,1306605,1404061,536
Personal Shopper,1305195,1305195,153
My Friend Dahmer,1299765,1361611,110
Black Panther,700059566,700059566,4084
Avengers: Infinity War,678815482,678815482,4474
Incredibles 2,608581744,608581744,4410
Jurassic World: Fallen Kingdom,417719760,417719760,4485
Deadpool 2,318491426,318491426,4349
The Grinch,266280410,270620950,4141
Jumanji: Welcome to the Jungle,235512923,404515480,3849
Mission: Impossible - Fallout,220159104,220159104,4395
Ant-Man and the Wasp,216648740,216648740,4206
Solo: A Star Wars Story,213767512,213767512,4381
Venom,213312395,213515506,4250
A Star Is Born,201157885,215288866,3904
Aquaman,199059824,335061807,4184
Bohemian Rhapsody,189813133,216428042,4000
A Quiet Place,188024361,188024361,3808
Ralph Breaks the Internet,177616854,201091711,4017
Crazy Rich Asians,174039071,174532921,3865
Hotel Transylvania 3: Summer Vacation,168786400,167510016,4267
Halloween,159336510,159342015,3990
Fantastic Beasts: The Crimes of Grindelwald,156781859,159555901,4163
The Meg,145443742,145443742,4118
Oceans 8,140218711,140218711,4145
Ready Player One,137690172,137690172,4234
The Greatest Showman,125303456,174340174,3342
Mamma Mia! Here We Go Again,120634935,120634935,3514
The Nun,117450119,117450119,3876
Peter Rabbit,115253424,115253424,3725
Creed II,112448520,115715889,3752
Spider-Man: Into the Spider-Verse,108146445,190241310,3813
Mary Poppins Returns,105930461,171958438,4090
Star Wars: Episode VIII - The Last Jedi,102963014,620181382,4232
The Equalizer 2,102084362,102084362,3388
Rampage,101028233,101028233,4115
A Wrinkle in Time,100478608,100478608,3980
Fifty Shades Freed,100407760,100407760,3768
Christopher Robin,99215042,99215042,3602
I Can Only Imagine,83482352,83482352,2894
Smallfoot,82976621,83240103,4131
The Post,80143337,81903458,2851
Night School,77316580,77339130,3019
Bumblebee,71426119,127195589,3597
The First Purge,69488745,69488745,3038
Game Night,69179066,69179066,3502
Book Club,68566296,68566296,3169
The House with a Clock in Its Walls,68536400,68549695,3592
Skyscraper,68420120,68420120,3822
Insidious: The Last Key,67745330,67745330,3150
Instant Family,64845006,67363237,3426
The Mule,64720334,103804407,3329
Blockers,60311495,60311495,3418
Pacific Rim: Uprising,59874525,59874525,3708
Tomb Raider,58250803,58250803,3854
Maze Runner: The Death Cure,58032443,58032443,3793
Tag,54730625,54730625,3382
The Nutcracker and the Four Realms,54581769,54858851,3766
A Simple Favor,53548586,53548586,3102
Life of the Party,53059911,53059911,3656
The Predator,51024708,51024708,4070
Overboard,50316123,50316123,2006
Sicario: Day of the Soldado,50072235,50072235,3055
I Feel Pretty,48795601,48795601,3440
BlacKkKlansman,48271960,49275340,1914
The Shape of Water,48189258,63859435,2341
Red Sparrow,46874505,46874505,3064
Breaking In,46840590,46840590,2537
Goosebumps 2: Haunted Halloween,46700633,46700633,3723
12 Strong,45819713,45819713,3018
Den of Thieves,44947622,44947622,2432
First Man,44923035,44936545,3640
Hereditary,44069456,44069456,2998
Tyler Perrys Acrimony,43549096,43549096,2006
Sherlock Gnomes,43242871,43242871,3662
Uncle Drew,42469946,42469946,2742
Widows,41904173,42402632,2803
Pitch Perfect 3,41596925,104897530,3468
Truth or Dare,41411015,41411015,3068
Paddington 2,40891591,40891591,3702
Love Simon,40826341,40826341,2434
Darkest Hour,38335553,56468410,1733
The Commuter,36343858,36343858,2892
The 15:17 to Paris,36276286,36276286,3042
Mile 22,36108758,36108758,3520
Alpha,35857181,35857181,2881
Peppermint,35418723,35418723,2980
Death Wish,34017028,34017028,2882
The Spy Who Dumped Me,33562069,33562069,3111
Annihilation,32732301,32732301,2112
Green Book,32153006,85080171,2648
Isle of Dogs,32015231,32015231,1947
Nobodys Fool,31713110,31713110,2468
Adrift,31445012,31445012,3015
Ferdinand,30863663,84410380,3630
Robin Hood,30645013,30824628,2827
Super Troopers 2,30617396,30617396,2125
Slender Man,30569484,30569484,2358
Three Billboards Outside Ebbing Missouri,30349111,54513740,1726
Coco,29891816,209726015,3987
Teen Titans GO! to the Movies,29790236,29790236,3188
Hostiles,29733369,29819114,2934
The Hate U Give,29666375,29719483,2375
I Tonya,27581081,30014539,1450
Searching,26020957,26020957,2009
Winchester,25091816,25091816,2480
The Strangers: Prey at Night,24586708,24586708,2464
White Boy Rick,24011188,24011188,2504
Second Act,23544942,39282227,2607
Mollys Game,23403264,28780744,1708
Wont You Be My Neighbor?,22835787,22835787,893
Overlord,21704844,21704844,2859
Holmes & Watson,21249250,30573626,2780
Proud Mary,20877013,20877013,2125
The Happytime Murders,20706452,20706452,3256
Phantom Thread,20670365,21198205,1186
SuperFly,20545116,20545116,2220
Vice,19776167,47836282,2534
Show Dogs,17857020,17857020,3212
Bad Times at the El Royale,17839115,17839115,2808
Operation Finale,17612099,17612099,1818
Paul Apostle of Christ,17560475,17560475,1473
Lady Bird,17525810,48958273,1557
Sorry to Bother You,17493096,17493096,1050
Chappaquiddick,17395520,17395520,1645
Forever My Girl,16376066,16376066,1427
The Favourite,15888465,34366783,1554
Hunter Killer,15767460,15767460,2728
Mortal Engines,14894175,15951040,3103
The Girl in the Spiders Web,14841338,14841338,2929
The Possession of Hannah Grace,14622210,14837422,2298
RBG,14017361,14017361,432
Eighth Grade,13539709,13539709,1084
Call Me by Your Name,13020786,18095701,914
The Darkest Minds,12695691,12695691,3127
All the Money in the World,12401327,25113707,2123
Three Identical Strangers,12320845,12320845,433
Upgrade,11977130,11977130,1458
Padmaavat,11846060,11846060,354
Free Solo,11240573,17541090,483
The Old Man & the Gun,11197012,11277120,1042
Hell Fest,11107431,11107431,2297
Wonder,10863515,132422809,3519
The Miracle Season,10230620,10230620,1707
Mary Queen of Scots,9726230,16468499,1052
Midnight Sun,9561064,9561064,2173
Tully,9369755,9369755,1356
Traffik,9186156,9186156,1046
Unfriended: Dark Web,8866745,8866745,1547
Welcome to Marwen,8357895,10763520,1911
Early Man,8267544,8267544,2494
The Wife,8198156,9601092,541
The Death of Stalin,8047856,8047856,548
They Shall Not Grow Old,8031290,17956913,1335
Sanju,7909317,7909317,359
Unsane,7732899,7732899,2023
Beautiful Boy,7587613,7649973,776
Can You Ever Forgive Me?,7530304,8803865,555
Mid90s,7362439,7362439,1206
Downsizing,7289080,24449754,2668
Dog Days,6809080,6809080,2442
Boy Erased,6774202,6788692,672
Hotel Artemis,6708147,6708147,2407
A-X-L,6501381,6501381,1710
Fahrenheit 11/9,6352306,6352306,1719
Unbroken: Path to Redemption,6216897,6216897,1620
The Hurricane Heist,6115825,6115825,2402
Every Day,6102076,6102076,1669
Leave No Trace,6046104,6046104,361
Once Upon a Deadpool,6016007,6100309,1566
Death of a Nation,5885881,5885881,1005
Pandas,5757906,7574012,35
My Hero Academia: Two Heroes,5754556,5754556,535
Gods Not Dead: A Light in Darkness,5728940,5728940,1693
Kin,5718096,5718096,2141
Colette,5137622,5137622,593
Action Point,5059608,5059608,2032
Beirut,5019226,5019226,755
Gringo,4969853,4969853,2404
Samson,4719928,4719928,1249
Father Figures,4615957,17501244,2902
Johnny English Strikes Again,4412170,4412170,552
Gotti,4343227,4343227,503
Blindspotting,4333394,4333394,523
Burn the Stage: The Movie,4201819,4201819,645
Ya veremos,4165949,4165949,369
Life Itself,4102648,4102648,2609
Sgt. Stubby: An American Hero,4015323,4015935,1633
Thor: Ragnarok,3833139,315058289,4080
Gosnell: The Trial of Americas Biggest Serial Killer,3679893,3679893,673
Indivisible,3509836,3511417,830
The Oscar Nominated Short Films 2018: Live Action,3508777,3508777,272
Disobedience,3498782,3498782,247
Justice League,3478000,229024295,4051
First Reformed,3448256,3448256,334
Juliet Naked,3444895,3444895,467
Bad Samaritan,3435047,3435047,2007
7 Days in Entebbe,3326885,3326885,838
The Disaster Artist,3258821,21120616,1010
2001: A Space Odyssey,3236321,3236321,13
2.0,3222000,4152000,314
The Leisure Seeker,3212298,3226443,353
The Sisters Brothers,3143056,3143056,1141
Thoroughbreds,3072605,3072605,564
Whitney,3026351,3026351,451
American Animals,2856954,2856954,339
God Bless the Broken Road,2846257,2846257,1272
La boda de Valentina,2783739,2783739,331
Bharath Ane Nenu,2663090,2663090,305
You Were Never Really Here,2528078,2528078,233
A Beautiful Planet,2516896,15650615,155
Suspiria,2483472,2483472,311
The Rider,2419031,2419031,224
Mary and the Witchs Flower,2418404,2418404,573
Hearts Beat Loud,2386251,2386251,170
1991,2342264,2342264,83
Papillon,2335896,2335896,544
Daddys Home 2,2238062,104029443,3575
Murder on the Orient Express,2206919,102826543,3354
If Beale Street Could Talk,2129204,14915773,1018
Simmba,2110950,5102129,301
The Fall of the American Empire,2059945,2178460,73
Puzzle,2032018,2032018,265
Great Performances at the Met: Puccini: Tosca,2023749,2023749,691
A Fantastic Woman,2020988,2020988,190
Pope Francis: A Man of His Word,2008385,2008385,385
Assassination Nation,2005142,2005142,1403
The Front Runner,2000105,2000105,807
Detective Chinatown 2,1983984,1983984,115
Great Performances at the Met: Verdi: La Traviata,1882931,1882931,725
Ben Is Back,1875704,3703184,598
At Eternitys Gate,1853645,2294915,178
Moses,1807117,1807117,697
Great Performances at the Met: Puccini: La Bohème,1764201,1764201,687
Race 3,1690861,1690861,314
On the Basis of Sex,1676622,24622687,1957
Pad Man,1670192,1670192,152
A Private War,1617416,1633208,865
Great Performances at the Met: Verdi: Aida,1595902,1595902,699
The Bookshop,1588150,1588150,136
Operation Red Sea,1543547,1543547,55
Thugs of Hindostan,1449848,1449848,377
Dont Worry He Wont Get Far on Foot,1441705,1441705,266
Princess Mononoke,1423877,1423877,754
Finding Your Feet,1418682,1418682,277
Made for More,1409884,2999134,703
Little Women,1379497,1379497,643
Dunkirk,1367504,1695119,53
102 Not Out,1343797,1343797,102
Baaghi 2,1319579,1319579,123
Great Performances at the Met: Mozart: Così fan tutte,1302949,1302949,687
McQueen,1257275,1257275,95
The Seagull,1252960,1252960,211
Avengers: Endgame,858373000,858373000,4662
The Lion King,543638043,543638043,4802
Toy Story 4,434038008,434038008,4575
Frozen II,430144682,477373578,4440
Captain Marvel,426829839,426829839,4310
Star Wars: Episode IX - The Rise of Skywalker,390706234,515202542,4406
Spider-Man: Far from Home,390532085,390532085,4634
Aladdin,355559216,355559216,4476
Joker,333772511,335451311,4374
It Chapter Two,211593228,211593228,4570
Jumanji: The Next Level,192094536,316831246,4227
Us,175084580,175084580,3743
Fast & Furious Presents: Hobbs & Shaw,173956935,173956935,4344
John Wick: Chapter 3 - Parabellum,171015687,171015687,3850
How to Train Your Dragon: The Hidden World,160799505,160799505,4286
The Secret Life of Pets 2,157949395,158874395,4564
Pokémon Detective Pikachu,144105346,144105346,4248
Once Upon a Time... in Hollywood,141076968,142502728,3659
Shazam!,140371656,140371656,4306
Aquaman,136001983,335061807,4184
Knives Out,115711579,165363234,3461
Dumbo,114766307,114766307,4259
Maleficent: Mistress of Evil,113294737,113929605,3820
Glass,111048468,111048468,3844
Godzilla: King of the Monsters,110500138,110500138,4108
The Upside,108252517,108252517,3568
Ford v Ferrari,107196444,117624357,3746
The Lego Movie 2: The Second Part,105806508,105806508,4303
Hustlers,104960643,104963598,3525
The Addams Family,97185807,100044905,4107
Downton Abbey,96854135,96854135,3548
Rocketman,96368160,96368160,3610
Alita: Battle Angel,85710210,85710210,3802
Good Boys,83140306,83140306,3458
Spider-Man: Into the Spider-Verse,82094865,190241310,3813
Men in Black: International,80001807,80001807,4224
Annabelle Comes Home,74152591,74152591,3613
Yesterday,73286650,73286650,2755
A Madea Family Funeral,73257045,73257045,2442
Zombieland: Double Tap,72930156,73123082,3468
Angel Has Fallen,69030436,69030436,3336
Scary Stories to Tell in the Dark,68947075,68947075,3135
Mary Poppins Returns,66027977,171958438,4090
X-Men: Dark Phoenix,65845974,65845974,3721
Terminator: Dark Fate,62253077,62253077,4086
Abominable,60679265,60716390,4248
Dora and the Lost City of Gold,60477943,60477943,3735
Escape Room,57005601,57005601,2717
A Beautiful Day in the Neighborhood,56706993,61704055,3491
Midway,56279164,56846802,3242
Bumblebee,55769470,127195589,3597
The Curse of la Llorona,54733739,54733739,3372
Pet Sematary,54724696,54724696,3585
What Men Want,54611903,54611903,2912
Green Book,52927165,85080171,2648
Ad Astra,50188370,50188370,3460
Isnt It Romantic,48791187,48791187,3444
Gemini Man,48546770,48546770,3642
Ma,45896028,45896028,2816
Five Feet Apart,45729221,45729221,2866
Wonder Park,45216793,45216793,3838
Rambo: Last Blood,44819352,44819352,3618
Playing with Fire,44151387,44451847,3185
Harriet,42547700,43082155,2186
A Dogs Way Home,42004346,42004346,3090
The Angry Birds Movie 2,41667116,41667116,3869
Little,40860481,40860481,2667
Queen & Slim,40718945,43808310,1715
Breakthrough,40713082,40713082,2913
The Mule,39084073,103804407,3329
Crawl,39014193,39014193,3170
Little Women,37593127,108101214,3308
The Intruder,35419122,35419122,2231
The Hustle,35417038,35417038,3077
Last Christmas,35116450,35150750,3454
Overcomer,34746945,34746945,2293
Cold Pursuit,32138862,32138862,2630
Doctor Sleep,31543097,31581712,3855
Dragon Ball Super: Broly,30712119,30712119,1267
Long Shot,30316271,30316271,3230
Spies in Disguise,29323688,66757013,3502
Childs Play,29208403,29208403,3007
Ready or Not,28714231,28714231,2998
Happy Death Day 2U,28148130,28148130,3212
Vice,28060115,47836282,2534
21 Bridges,27747269,28539757,2665
Midsommar,27426361,27426361,2707
Bohemian Rhapsody,26614909,216428042,4000
The Art of Racing in the Rain,26395642,26395642,2765
Countdown,25594369,25621766,2675
Uncut Gems,25253119,50023780,2686
Judy,24017545,24313888,1627
Ralph Breaks the Internet,23474857,201091711,4017
Fighting with My Family,22958886,22958886,2855
On the Basis of Sex,22946065,24622687,1957
A Dogs Journey,22782371,22782371,3279
Booksmart,22680962,22680962,2518
Parasite,22633689,53369749,2001
Stuber,22370452,22370452,3050
47 Meters Down: Uncaged,22260900,22260900,2883
Black and Blue,22047506,22055313,2062
Hellboy,21903748,21903748,3303
Shaft,21360215,21360215,2952
Jojo Rabbit,21059726,33370906,1173
The Peanut Butter Falcon,20457151,20457151,1490
UglyDolls,20150241,20150241,3652
Cats,19970095,27166770,3380
Unplanned,19006109,19005109,1516
The Favourite,18478318,34366783,1554
Bombshell,18117885,31762808,1721
Richard Jewell,17822217,22345542,2502
Charlies Angels,17756400,17803077,3452
The Farewell,17695781,17695781,891
Brightburn,17300439,17300439,2607
The Good Liar,16973279,17156058,2454
The Kid Who Would Be King,16790790,16790790,3528
Missing Link,16649539,16649539,3437
Second Act,15737285,39282227,2607
Late Night,15499454,15499454,2220
Miss Bala,15006824,15006824,2203
The Prodigy,14856291,14856291,2530
A Star Is Born,14130981,215288866,3904
Poms,13631124,13631124,2750
If Beale Street Could Talk,12786569,14915773,1018
They Shall Not Grow Old,12253074,17956913,1335
The Kitchen,12180032,12180032,2745
After,12138565,12138565,2138
Blinded by the Light,11901145,11901145,2307
The Lighthouse,10772524,10867104,978
Dark Waters,10633879,11136084,2112
Greta,10532219,10532219,2417
The Best of Enemies,10205616,10205616,1705
Black Christmas,9867670,10429730,2625
Hotel Mumbai,9651611,9651611,930
Holmes & Watson,9324376,30573626,2780
Motherless Brooklyn,9277736,9277736,1342
No Manches Frida 2,9270920,9270920,472
Whered You Go Bernadette,9198356,9198356,2404
Apollo 11,9039891,9039891,588
Serenity,8547045,8547045,2561
Anna,7743794,7743794,2114
Penguins,7699452,7699452,1815
Brittany Runs a Marathon,7189808,7189808,1033
Mary Queen of Scots,6742269,16468499,1052
The Dead Dont Die,6563605,6563605,690
Jexi,6546159,6546159,2332
Run the Race,6424420,6424420,1075
Free Solo,6300518,17541090,483
The Current War: Directors Cut,5979540,5979540,1082
Captive State,5958315,5958315,2549
The Wandering Earth,5875487,5875487,129
Arctic Dogs,5801249,5801249,2844
Gloria Bell,5611123,5611123,1127
Gully Boy,5566534,5566534,270
Stan & Ollie,5386243,5470235,754
The Goldfinch,5332621,5332621,2542
Dont Let Go,5215062,5215062,922
The Mustang,5043620,5043620,527
The Sun Is Also a Star,4950029,4950029,2073
Bring The Soul: The Movie,4809800,4809800,873
Pavarotti,4600249,4600249,288
Tolkien,4535154,4535154,1501
The Last Black Man in San Francisco,4515719,4515719,207
War,4486000,4654000,305
Cold War,4427217,4580048,270
Menteur,4403322,4697364,89
Brian Banks,4376819,4376819,1240
The Biggest Little Farm,4366949,4366949,285
The Grinch,4340540,270620950,4141
Amazing Grace,4335184,4450456,263
Linda Ronstadt: The Sound of My Voice,4240509,4252657,247
Uri: The Surgical Strike,4186168,4186168,132
Replicas,4046429,4046429,2329
Pain and Glory,3873727,4567338,266
Ne Zha,3695533,3695533,135
Mission Mangal,3659413,3659413,263
The Oscar Nominated Short Films 2019: Documentary,3531094,3531094,415
BTS World Tour: Love Yourself in Seoul,3509917,3509917,997
The Beach Bum,3502600,3502600,1100
Echo in the Canyon,3355324,3355324,147
Creed II,3267369,115715889,3752
Jay and Silent Bob Reboot,3258814,4589490,788
Maiden,3164840,3168978,180
Simmba,2991179,5102129,301
Bharat,2971549,2971549,311
Honey Boy,2939993,3012615,460
Friends 25th: The One With The Anniversary,2884827,2884827,1586
Saaho,2872057,2872057,381
Fantastic Beasts: The Crimes of Grindelwald,2774042,159555901,4163
Kalank,2729336,2729336,320
Tod@s Caen,2670925,2670925,371
Everybody Knows,2660165,2660165,283
Instant Family,2518231,67363237,3426
The Art of Self-Defense,2410914,2410914,550
Arctic,2410795,2410795,268
Welcome to Marwen,2405625,10763520,1911
My People My Country,2356683,2356683,83
Promare,2287950,2313596,701
Super 30,2269878,2269878,317
Faustina: Love and Mercy,2243180,2243180,810
Gone with the Wind,2176120,2176120,717
3 from Hell,2172949,2172949,667
Total Dhamaal,2167632,2167632,209
Housefull 4,2109160,2109160,315
Shoplifters,2092669,3313513,144
The Wizard of Oz,2076020,2076020,681
Luce,2010613,2010613,235
Chhichhore,2004400,2004400,195
Official Secrets,1988618,1988546,485
Better Days,1921657,1921657,88
Badla,1861000,1861000,115
The White Crow,1828784,1828784,365
Ben Is Back,1827480,3703184,598
Pandas,1816106,7574012,35
The Other Side of Heaven 2: Fire of Faith,1807216,1807216,205
Ip Man 4: The Finale,1775960,3956031,125
Wild Rose,1635117,1635117,195
The Aftermath,1618497,1618497,344
Made for More,1589250,2999134,703
Red Joan,1579730,1579730,195
After the Wedding,1574258,1574258,428
Extreme Job,1565885,1565885,26
Waves,1562941,1658790,570
Qué León,1556856,2607916,86
Capernaum,1545118,1661096,136
The Kid,1508593,1508593,268
Kinky Boots: The Musical,1414290,900451,492
Destroyer,1411224,1533324,235
The Wife,1402934,9601092,541
El Chicano,1400603,1400603,605
Fantastic Fungi,1358874,1788322,37
1917,1326178,159227644,3987
Spirited Away,1322927,1322927,768
Never Look Away,1299506,1304042,122
Pilgrims Progress,1294596,1294596,758
Can You Ever Forgive Me?,1273561,8803865,555
Asterix: The Secret of the Magic Potion,1271953,1271953,76
Metallica & San Francisco Symphony - S&M2,1252385,1252385,655
BTS World Tour Love Yourself: Speak Yourself (The Final) Seoul Live Viewing,1226552,1226552,490
High Life,1225852,1225852,146
All Is True,1200481,1200481,328
Kingdom Men Rising,1188936,1188936,705
Los Domirriqueños 2,1187280,1187280,82
Ek Ladki Ko Dekha Toh Aisa Laga,1182636,1182636,193
No Safe Spaces,1159359,1291514,200
Nothing to Lose 2,1150551,1150551,105
Western Stars,1141681,1581681,553
Konosuba!: Gods Blessing on This Wonderful World! - Legend of Crimson,1134786,1134786,692
My Neighbor Totoro,1105564,1105564,767
Playmobil: The Movie,1104483,1115008,2337
